Benchmark,Optimizer,Avg Convergence Value,Min Error,Max Error,Avg Error,Min Convergence Time,Max Convergence Time,Avg Convergence Time,Avg Runtime
Michalewicz,FA,-3.626973353602352,0.5676218980736181,1.3350786566681112,1.060684646397649,1138,5000,3257.2,95.85640377998352
Rastrigin,FA,307.259747783293,276.3949494569361,325.77031033450135,307.259747783293,211,5000,2258.9,102.16733820438384
Rosenbrock,FA,0.1720530443557043,0.0260452959123441,0.585758389983375,0.1720530443557043,1374,5000,3185.0,104.03822791576384
Schwefel,FA,9747.783627211746,9302.479995304577,9930.131877511089,9747.783627211746,3291,5000,4722.0,104.94001097679138
Sphere,FA,55114.59301867346,50168.39011328344,59963.0045890173,55114.59301867346,2293,5000,4384.3,103.33342742919922
